{"cameraMode":{"drawMode":0,"name":"Shaded","section":"Shading Mode"},"sceneLighting":true,"audioPlay":false,"sceneViewState":{"m_AlwaysRefresh":false,"showFog":true,"showSkybox":true,"showFlares":true,"showImageEffects":true,"showParticleSystems":true,"showVisualEffectGraphs":true,"m_FxEnabled":true},"in2DMode":false,"pivot":{"x":0.7248600721359253,"y":3.7754876613616945,"z":-3.9272894859313967},"rotation":{"x":-0.14971397817134858,"y":-0.019858306273818017,"z":0.003012819215655327,"w":-0.9885329604148865},"size":0.8660253882408142,"orthographic":false}